{
  "display": {
    "icon": {
      "id": "minecraft:jigsaw",
      "components": {
        "minecraft:custom_model_data": {
          "strings": [
            "anti_creeper_grief"
          ]
        }
      }
    },
    "title": "Party Hard!",
    "description": "Forge the Creeper Defuser",
    "frame": "challenge",
    "show_toast": true,
    "announce_to_chat": true,
    "hidden": true
  },
  "parent": "paveral:craft_tutorial_book_forge",
  "criteria": {
    "requirement": {
      "trigger": "minecraft:impossible"
    }
  }
}

