{
  "display": {
    "icon": {
      "id": "minecraft:warped_fungus_on_a_stick",
      "components": {
        "minecraft:custom_model_data": {
          "strings": [
            "lightning_rod"
          ]
        }
      }
    },
    "title": {
      "text": "Unlimited Power",
      "color": "dark_red"
    },
    "description": "Super Duper Fried Phantoms",
    "frame": "task",
    "show_toast": true,
    "announce_to_chat": true
  },
  "parent": "paveral:first_forming",
  "criteria": {
    "requirement": {
      "trigger": "minecraft:impossible"
    }
  }
}
