{
  "display": {
    "icon": {
      "id": "minecraft:netherite_sword",
      "components": {
        "minecraft:custom_model_data": {
          "strings": [
            "rhythms_awakening"
          ]
        }
      }
    },
    "title": "The Rhythm Awakes",
    "description": "Ride the waves of melody",
    "frame": "challenge",
    "show_toast": true,
    "announce_to_chat": true
  },
  "parent": "paveral:music_core",
  "criteria": {
    "requirement": {
      "trigger": "minecraft:impossible"
    }
  }
}