{
  "display": {
    "icon": {
      "id": "minecraft:jigsaw",
      "components": {
        "minecraft:custom_model_data": {
          "strings": [
            "sonic_essence"
          ]
        }
      }
    },
    "title": "Playing With Fire",
    "description": "Gather some Sonic Essence",
    "frame": "challenge",
    "show_toast": true,
    "announce_to_chat": true,
    "hidden": true
  },
  "parent": "paveral:craft_tutorial_book",
  "criteria": {
    "requirement": {
      "trigger": "minecraft:impossible"
    }
  }
}
