{
  "display": {
    "icon": {
      "id": "minecraft:netherite_sword",
      "components": {
        "minecraft:custom_model_data": {
          "strings": [
            "stringblade/black"
          ]
        }
      }
    },
    "title": "Rock'n'Roll",
    "description": "A noteworthy solo act in combat",
    "frame": "challenge",
    "show_toast": true,
    "announce_to_chat": true
  },
  "parent": "paveral:music_core",
  "criteria": {
    "requirement": {
      "trigger": "minecraft:impossible"
    }
  }
}