{
  "display": {
    "icon": {
      "id": "minecraft:warped_fungus_on_a_stick",
      "components": {
        "minecraft:custom_model_data": {
          "strings": [
            "wrench"
          ]
        }
      }
    },
    "title": "The Craftsman",
    "description": "Forge a Wrench",
    "frame": "challenge",
    "show_toast": true,
    "announce_to_chat": true,
    "hidden": true
  },
  "parent": "paveral:craft_tutorial_book_forge",
  "criteria": {
    "requirement": {
      "trigger": "minecraft:impossible"
    }
  }
}

